{"cameraMode":{"drawMode":0,"name":"Shaded","section":"Shading Mode"},"sceneLighting":false,"audioPlay":false,"sceneViewState":{"showFog":false,"showMaterialUpdate":false,"showSkybox":false,"showFlares":false,"showImageEffects":false,"showParticleSystems":false,"showVisualEffectGraphs":true,"m_FxEnabled":true},"in2DMode":false,"pivot":{"x":0.1566496640443802,"y":1.2850247621536255,"z":-0.28183698654174807},"rotation":{"x":0.0006535442662425339,"y":0.9986761808395386,"z":-0.0131961889564991,"w":0.050069693475961688},"size":0.9088127017021179,"orthographic":false}